{"cameraMode":{"drawMode":0,"name":"Shaded","section":"Shading Mode"},"sceneLighting":true,"audioPlay":false,"sceneViewState":{"m_AlwaysRefresh":false,"showFog":true,"showSkybox":true,"showFlares":true,"showImageEffects":true,"showParticleSystems":true,"showVisualEffectGraphs":true,"m_FxEnabled":true},"in2DMode":false,"pivot":{"x":-12.501749992370606,"y":3.613585948944092,"z":24.174070358276368},"rotation":{"x":0.12247436493635178,"y":-0.30835527181625368,"z":0.04039857164025307,"w":0.9426164031028748},"size":38.287296295166019,"orthographic":false}