{"cameraMode":{"drawMode":0,"name":"Shaded","section":"Shading Mode"},"sceneLighting":true,"audioPlay":false,"sceneViewState":{"m_AlwaysRefresh":false,"showFog":true,"showSkybox":true,"showFlares":true,"showImageEffects":true,"showParticleSystems":true,"showVisualEffectGraphs":true,"m_FxEnabled":true},"in2DMode":false,"pivot":{"x":-3.2522261142730715,"y":5.031863689422607,"z":7.061478137969971},"rotation":{"x":0.040428776293992999,"y":0.14818035066127778,"z":-0.0055553000420331959,"w":0.9883036017417908},"size":6.970752239227295,"orthographic":false}