{"cameraMode":{"drawMode":0,"name":"Shaded","section":"Shading Mode"},"sceneLighting":true,"audioPlay":false,"sceneViewState":{"m_AlwaysRefresh":false,"showFog":true,"showSkybox":true,"showFlares":true,"showImageEffects":true,"showParticleSystems":true,"showVisualEffectGraphs":true,"m_FxEnabled":true},"in2DMode":false,"pivot":{"x":0.021656036376953126,"y":3.140000343322754,"z":0.026598632335662843},"rotation":{"x":-0.006494573783129454,"y":0.9440523386001587,"z":-0.018714237958192827,"w":-0.3293839991092682},"size":3.3035120964050295,"orthographic":false}