{"cameraMode":{"drawMode":0,"name":"Shaded","section":"Shading Mode"},"sceneLighting":false,"audioPlay":false,"sceneViewState":{"m_AlwaysRefresh":false,"showFog":true,"showSkybox":false,"showFlares":true,"showImageEffects":true,"showParticleSystems":true,"showVisualEffectGraphs":true,"m_FxEnabled":true},"in2DMode":false,"pivot":{"x":0.4522983729839325,"y":0.07366472482681275,"z":-0.0015374654904007912},"rotation":{"x":-0.40399008989334109,"y":0.0018390981713309885,"z":-0.0010442878119647503,"w":-0.9149261713027954},"size":2.012467384338379,"orthographic":false}